{
  "vendor":0,
  "startTime":9117,
  "endTime":9330,
  "segments":[[-104.9298690,39.8001660,9119], [-104.9304370,39.7984620,9287], [-104.9304130,39.7984270,9328]]
}

