{
  "vendor":0,
  "startTime":9117,
  "endTime":9330,
  "segments":[[39.8001660,-104.9298690,9119], [39.7984620,-104.9304370,9287], [39.7984270,-104.9304130,9328]]
}

